-- --------------------------------------------------------
-- Host:                         127.0.0.1
-- Server version:               10.3.13-MariaDB - mariadb.org binary distribution
-- Server OS:                    Win64
-- HeidiSQL Version:             10.2.0.5599
-- --------------------------------------------------------

/*!40101 SET @OLD_CHARACTER_SET_CLIENT=@@CHARACTER_SET_CLIENT */;
/*!40101 SET NAMES utf8 */;
/*!50503 SET NAMES utf8mb4 */;
/*!40014 SET @OLD_FOREIGN_KEY_CHECKS=@@FOREIGN_KEY_CHECKS, FOREIGN_KEY_CHECKS=0 */;
/*!40101 SET @OLD_SQL_MODE=@@SQL_MODE, SQL_MODE='NO_AUTO_VALUE_ON_ZERO' */;

-- Dumping structure for table 21_saw_resto.metode
CREATE TABLE IF NOT EXISTS `metode` (
  `metode` varchar(150) DEFAULT NULL
) ENGINE=InnoDB DEFAULT CHARSET=latin1;

-- Dumping data for table 21_saw_resto.metode: ~6 rows (approximately)
/*!40000 ALTER TABLE `metode` DISABLE KEYS */;
INSERT INTO `metode` (`metode`) VALUES
	('TUNAI'),
	('Shopee PAY'),
	('OVO'),
	('DANA'),
	('GO PAY'),
	('LINK AJA'),
	('i.saku');
/*!40000 ALTER TABLE `metode` ENABLE KEYS */;

-- Dumping structure for table 21_saw_resto.table_menu
CREATE TABLE IF NOT EXISTS `table_menu` (
  `id` int(11) NOT NULL AUTO_INCREMENT,
  `nama_menu` varchar(50) NOT NULL,
  `makanan_or_minuman` varchar(50) NOT NULL,
  `harga` double NOT NULL DEFAULT 0,
  `type_makanan` double NOT NULL DEFAULT 0,
  `kalori` double NOT NULL DEFAULT 0,
  `gambar` text NOT NULL,
  PRIMARY KEY (`id`)
) ENGINE=InnoDB AUTO_INCREMENT=37 DEFAULT CHARSET=latin1;

-- Dumping data for table 21_saw_resto.table_menu: ~36 rows (approximately)
/*!40000 ALTER TABLE `table_menu` DISABLE KEYS */;
INSERT INTO `table_menu` (`id`, `nama_menu`, `makanan_or_minuman`, `harga`, `type_makanan`, `kalori`, `gambar`) VALUES
	(1, 'Sate Ayam', 'MAKANAN', 17500, 100, 681, 'menu 1.jpg'),
	(2, 'Nasi Goreng Istimewa', 'MAKANAN', 20000, 75, 343, 'menu 2.jpg'),
	(3, 'Nasi Goreng Ayam', 'MAKANAN', 25500, 90, 527, 'menu 3.jpg'),
	(4, 'Nasi Goreng Spesial', 'MAKANAN', 30000, 70, 290, 'menu 4.jpg'),
	(5, 'Ayam Mozarella', 'MAKANAN', 28000, 85, 467, 'menu 5.jpg'),
	(6, 'Ayam Bakar', 'MAKANAN', 23000, 60, 167, 'menu 6.jpg'),
	(7, 'Ayam Goreng', 'MAKANAN', 25000, 65, 260, 'menu 7.jpg'),
	(8, 'Ayam Rica-rica', 'MAKANAN', 25000, 80, 404, 'menu 8.jpg'),
	(9, 'Ayam Crispy', 'MAKANAN', 27000, 60, 190, 'menu 9.jpg'),
	(10, 'Mie Goreng Seafood', 'MAKANAN', 23500, 75, 370, 'menu 10.jpg'),
	(11, 'Mie Goreng Ayam', 'MAKANAN', 30000, 80, 400, 'menu 11.jpg'),
	(12, 'Cumi Goreng', 'MAKANAN', 27000, 60, 174, 'menu 12.jpg'),
	(13, 'Cumi Bakar', 'MAKANAN', 27000, 50, 85, 'menu 13.jpg'),
	(14, 'Cumi Kentucky', 'MAKANAN', 30000, 55, 106, 'menu 14.jpg'),
	(15, 'Udang Goreng', 'MAKANAN', 15000, 75, 344, 'menu 15.jpg'),
	(16, 'Udang Bakar', 'MAKANAN', 15000, 70, 287, 'menu 16.jpg'),
	(17, 'Udang Sambal Mentega', 'MAKANAN', 20000, 50, 70, 'menu 17.jpg'),
	(18, 'Udang Saos Tiram', 'MAKANAN', 20500, 50, 51, 'menu 18.jpg'),
	(19, 'Udang Asam Manis', 'MAKANAN', 23000, 55, 106, 'menu 19.jpg'),
	(20, 'Sushi Ayam', 'MAKANAN', 22000, 65, 200, 'menu 20.jpg'),
	(21, 'Sushi Daging', 'MAKANAN', 25000, 65, 250, 'menu 21.jpg'),
	(22, 'Sushi Roll Crispy', 'MAKANAN', 25000, 90, 520, 'menu 22.jpg'),
	(23, 'Takoyaki', 'MAKANAN', 20000, 75, 364, 'menu 23.jpg'),
	(24, 'Shoyu Ramen', 'MAKANAN', 20000, 85, 478, 'menu 24.jpg'),
	(25, 'Air Mineral', 'MINUMAN', 6000, 5, 5, 'air-mineral.png'),
	(26, 'Es Teh', 'MINUMAN', 5000, 30, 50, 'es-teh.png'),
	(27, 'Green Tea', 'MINUMAN', 12000, 30, 50, 'green-tea.png'),
	(28, 'Ice Milo', 'MINUMAN', 15000, 40, 60, 'ice-milo.png'),
	(29, 'Ice Oreo', 'MINUMAN', 15000, 40, 60, 'ice-oreo.png'),
	(30, 'Ice Taro', 'MINUMAN', 15000, 40, 60, 'ice-taro.png'),
	(31, 'Jus Alpukat', 'MINUMAN', 15000, 20, 50, 'jus-alpukat.png'),
	(32, 'Jus Apel', 'MINUMAN', 15000, 20, 50, 'jus-apel.png'),
	(33, 'Jus Jeruk', 'MINUMAN', 15000, 20, 50, 'jus-jeruk.png'),
	(34, 'Mocca Chino', 'MINUMAN', 13000, 40, 50, 'mocca-chino.png'),
	(35, 'Taro Cheese', 'MINUMAN', 15000, 40, 60, 'taro-cheese.png'),
	(36, 'Thai Tea', 'MINUMAN', 12000, 40, 40, 'thai-tea.png');
/*!40000 ALTER TABLE `table_menu` ENABLE KEYS */;

-- Dumping structure for table 21_saw_resto.table_setting_saw
CREATE TABLE IF NOT EXISTS `table_setting_saw` (
  `id` int(11) NOT NULL AUTO_INCREMENT,
  `kepentingan` varchar(50) DEFAULT NULL,
  `nilai_kepentingan` double DEFAULT NULL,
  PRIMARY KEY (`id`)
) ENGINE=InnoDB AUTO_INCREMENT=5 DEFAULT CHARSET=latin1;

-- Dumping data for table 21_saw_resto.table_setting_saw: ~4 rows (approximately)
/*!40000 ALTER TABLE `table_setting_saw` DISABLE KEYS */;
INSERT INTO `table_setting_saw` (`id`, `kepentingan`, `nilai_kepentingan`) VALUES
	(1, 'Harga', 0.2),
	(2, 'Type Makanan', 0.3),
	(3, 'Kalori', 0.2),
	(4, 'Sering Dipesan', 0.3);
/*!40000 ALTER TABLE `table_setting_saw` ENABLE KEYS */;

-- Dumping structure for table 21_saw_resto.table_transaksi
CREATE TABLE IF NOT EXISTS `table_transaksi` (
  `id` int(11) NOT NULL AUTO_INCREMENT,
  `id_menu` int(11) DEFAULT NULL,
  `total_bayar` double DEFAULT NULL,
  `tgl_pesan` date DEFAULT NULL,
  `waktu` time DEFAULT NULL,
  `metode_pembayaran` varchar(150) DEFAULT NULL,
  `nomor_meja` varchar(150) DEFAULT NULL,
  `session_meja` varchar(150) DEFAULT NULL,
  `sts_jadi` int(11) DEFAULT 0,
  PRIMARY KEY (`id`),
  KEY `FK_table_transaksi_table_menu` (`id_menu`),
  CONSTRAINT `FK_table_transaksi_table_menu` FOREIGN KEY (`id_menu`) REFERENCES `table_menu` (`id`) ON DELETE CASCADE ON UPDATE CASCADE
) ENGINE=InnoDB AUTO_INCREMENT=943 DEFAULT CHARSET=latin1;

-- Dumping data for table 21_saw_resto.table_transaksi: ~595 rows (approximately)
/*!40000 ALTER TABLE `table_transaksi` DISABLE KEYS */;
INSERT INTO `table_transaksi` (`id`, `id_menu`, `total_bayar`, `tgl_pesan`, `waktu`, `metode_pembayaran`, `nomor_meja`, `session_meja`, `sts_jadi`) VALUES
	(4, 20, 22000, '2021-12-02', '19:46:38', 'GO PAY', '12', '2022-02-17 20:51:52', 1),
	(5, 14, 30000, '2021-12-10', '17:01:43', 'GO PAY', '2', '2022-02-20 21:08:32', 1),
	(6, 1, 17500, '2021-12-08', '15:41:51', 'OVO', '2', '2022-02-20 21:08:32', 1),
	(7, 12, 27000, '2021-12-10', '15:44:45', 'OVO', '2', '2022-02-20 21:08:32', 1),
	(8, 7, 25000, '2021-12-02', '17:42:01', 'i.saku', '17', '2022-02-17 20:40:22', 1),
	(9, 2, 20000, '2021-12-08', '19:23:53', 'TUNAI', '16', '2022-02-20 20:57:10', 1),
	(10, 8, 25000, '2021-12-06', '18:42:13', 'GO PAY', '16', '2022-02-20 20:57:10', 1),
	(11, 17, 20000, '2021-12-11', '16:41:42', 'GO PAY', '16', '2022-02-20 20:57:10', 1),
	(12, 10, 23500, '2021-12-06', '19:43:27', 'GO PAY', '16', '2022-02-20 20:57:10', 1),
	(13, 22, 25000, '2021-12-13', '18:45:46', 'i.saku', '16', '2022-02-20 20:57:10', 1),
	(19, 11, 30000, '2021-12-07', '17:30:13', 'LINK AJA', '16', '2022-02-20 20:57:10', 1),
	(20, 15, 15000, '2021-12-05', '15:51:31', 'i.saku', '1', '2022-02-16 16:06:33', 1),
	(21, 2, 20000, '2021-12-02', '17:44:22', 'GO PAY', '1', '2022-02-16 16:06:33', 1),
	(22, 7, 25000, '2021-12-10', '15:41:49', 'GO PAY', '1', '2022-02-16 16:06:33', 1),
	(23, 13, 27000, '2021-12-05', '17:00:46', 'i.saku', '1', '2022-02-16 16:06:33', 1),
	(24, 3, 25500, '2021-12-06', '18:37:13', 'GO PAY', '1', '2022-02-16 16:06:33', 1),
	(25, 19, 23000, '2021-12-13', '18:33:20', 'LINK AJA', '13', '2022-02-18 18:18:29', 1),
	(26, 14, 30000, '2021-12-08', '16:49:39', 'LINK AJA', '13', '2022-02-18 18:18:29', 1),
	(27, 10, 23500, '2021-12-10', '18:58:25', 'GO PAY', '13', '2022-02-18 18:18:29', 1),
	(28, 12, 27000, '2021-12-08', '17:00:27', 'LINK AJA', '13', '2022-02-18 18:18:29', 1),
	(34, 24, 20000, '2021-12-03', '17:56:23', 'LINK AJA', '13', '2022-02-18 18:18:29', 1),
	(35, 4, 30000, '2021-12-09', '21:18:26', 'Shopee PAY', '13', '2022-02-18 18:18:29', 1),
	(36, 2, 20000, '2021-12-07', '19:06:21', 'Shopee PAY', '7', '2022-02-16 16:52:10', 1),
	(37, 22, 25000, '2021-12-08', '21:29:40', 'LINK AJA', '7', '2022-02-16 16:52:10', 1),
	(38, 11, 30000, '2021-12-11', '20:39:49', 'i.saku', '7', '2022-02-16 16:52:10', 1),
	(39, 10, 23500, '2021-12-12', '15:42:02', 'DANA', '7', '2022-02-16 16:52:10', 1),
	(40, 14, 30000, '2021-12-01', '17:00:19', 'TUNAI', '7', '2022-02-16 16:52:10', 1),
	(41, 7, 25000, '2021-12-13', '17:19:30', 'TUNAI', '7', '2022-02-16 16:52:10', 1),
	(42, 3, 25500, '2021-12-02', '18:49:37', 'TUNAI', '7', '2022-02-16 16:52:10', 1),
	(43, 5, 28000, '2021-12-12', '17:15:00', 'DANA', '7', '2022-02-16 16:52:10', 1),
	(49, 10, 23500, '2021-12-09', '21:30:14', 'TUNAI', '7', '2022-02-16 16:52:10', 1),
	(50, 15, 15000, '2021-12-13', '21:06:06', 'TUNAI', '20', '2022-02-17 17:17:30', 1),
	(51, 22, 25000, '2021-12-11', '17:41:46', 'DANA', '20', '2022-02-17 17:17:30', 1),
	(52, 13, 27000, '2021-12-10', '20:17:48', 'i.saku', '20', '2022-02-17 17:17:30', 1),
	(53, 20, 22000, '2021-12-11', '18:12:38', 'i.saku', '20', '2022-02-17 17:17:30', 1),
	(54, 3, 25500, '2021-12-02', '20:38:15', 'OVO', '20', '2022-02-17 17:17:30', 1),
	(55, 16, 15000, '2021-12-04', '15:14:06', 'GO PAY', '20', '2022-02-17 17:17:30', 1),
	(56, 23, 20000, '2021-12-10', '18:58:03', 'DANA', '20', '2022-02-17 17:17:30', 1),
	(57, 4, 30000, '2021-12-13', '17:41:59', 'DANA', '20', '2022-02-17 17:17:30', 1),
	(58, 18, 20500, '2021-12-11', '15:42:13', 'TUNAI', '7', '2022-02-17 19:41:01', 1),
	(64, 22, 25000, '2021-12-06', '15:32:11', 'DANA', '7', '2022-02-17 19:41:01', 1),
	(65, 13, 27000, '2021-12-09', '19:33:12', 'Shopee PAY', '7', '2022-02-17 19:41:01', 1),
	(66, 21, 25000, '2021-12-13', '20:37:43', 'LINK AJA', '7', '2022-02-17 19:41:01', 1),
	(67, 12, 27000, '2021-12-12', '16:57:56', 'TUNAI', '7', '2022-02-17 19:41:01', 1),
	(68, 9, 27000, '2021-12-10', '21:21:13', 'LINK AJA', '7', '2022-02-17 19:41:01', 1),
	(69, 2, 20000, '2021-12-04', '18:20:49', 'DANA', '7', '2022-02-17 19:41:01', 1),
	(70, 19, 23000, '2021-12-03', '18:55:52', 'DANA', '7', '2022-02-17 19:41:01', 1),
	(71, 14, 30000, '2021-12-13', '18:12:18', 'LINK AJA', '12', '2022-02-18 21:50:26', 1),
	(72, 1, 17500, '2021-12-11', '17:27:03', 'TUNAI', '12', '2022-02-18 21:50:26', 1),
	(73, 18, 20500, '2021-12-09', '15:17:44', 'TUNAI', '12', '2022-02-18 21:50:26', 1),
	(79, 20, 22000, '2021-12-11', '20:47:54', 'DANA', '12', '2022-02-18 21:50:26', 1),
	(80, 17, 20000, '2021-12-10', '15:05:10', 'Shopee PAY', '12', '2022-02-18 21:50:26', 1),
	(81, 3, 25500, '2021-12-12', '17:37:10', 'i.saku', '8', '2022-02-20 21:56:45', 1),
	(82, 22, 25000, '2021-12-12', '15:23:34', 'Shopee PAY', '8', '2022-02-20 21:56:45', 1),
	(83, 10, 23500, '2021-12-04', '21:50:12', 'TUNAI', '8', '2022-02-20 21:56:45', 1),
	(84, 13, 27000, '2021-12-04', '21:29:07', 'TUNAI', '8', '2022-02-20 21:56:45', 1),
	(85, 18, 20500, '2021-12-09', '15:04:58', 'OVO', '8', '2022-02-20 21:56:45', 1),
	(86, 14, 30000, '2021-12-12', '17:58:21', 'TUNAI', '8', '2022-02-20 21:56:45', 1),
	(87, 4, 30000, '2021-12-02', '18:21:07', 'DANA', '13', '2022-02-18 16:23:49', 1),
	(88, 7, 25000, '2021-12-07', '16:48:00', 'TUNAI', '13', '2022-02-18 16:23:49', 1),
	(94, 7, 25000, '2021-12-09', '18:26:36', 'Shopee PAY', '13', '2022-02-18 16:23:49', 1),
	(95, 21, 25000, '2021-12-12', '15:44:55', 'GO PAY', '13', '2022-02-18 16:23:49', 1),
	(96, 4, 30000, '2021-12-06', '19:13:07', 'GO PAY', '13', '2022-02-18 16:23:49', 1),
	(97, 12, 27000, '2021-12-01', '18:23:43', 'DANA', '13', '2022-02-18 16:23:49', 1),
	(98, 19, 23000, '2021-12-04', '17:29:15', 'i.saku', '13', '2022-02-18 16:23:49', 1),
	(99, 5, 28000, '2021-12-12', '15:26:14', 'GO PAY', '13', '2022-02-18 16:23:49', 1),
	(100, 22, 25000, '2021-12-04', '16:01:18', 'i.saku', '13', '2022-02-18 16:23:49', 1),
	(101, 18, 20500, '2021-12-11', '17:33:55', 'GO PAY', '1', '2022-02-20 15:36:11', 1),
	(102, 17, 20000, '2021-12-06', '21:59:25', 'GO PAY', '1', '2022-02-20 15:36:11', 1),
	(103, 8, 25000, '2021-12-09', '20:01:18', 'DANA', '1', '2022-02-20 15:36:11', 1),
	(109, 24, 20000, '2021-12-03', '16:40:02', 'GO PAY', '1', '2022-02-20 15:36:11', 1),
	(110, 16, 15000, '2021-12-08', '21:51:21', 'DANA', '1', '2022-02-20 15:36:11', 1),
	(111, 19, 23000, '2021-12-08', '15:40:35', 'DANA', '1', '2022-02-20 15:36:11', 1),
	(112, 5, 28000, '2021-12-08', '15:39:18', 'DANA', '1', '2022-02-20 15:36:11', 1),
	(113, 6, 23000, '2021-12-11', '19:21:53', 'i.saku', '1', '2022-02-20 15:36:11', 1),
	(114, 20, 22000, '2021-12-09', '17:33:38', 'OVO', '5', '2022-02-19 17:43:47', 1),
	(115, 13, 27000, '2021-12-12', '21:31:14', 'DANA', '5', '2022-02-19 17:43:47', 1),
	(116, 18, 20500, '2021-12-09', '19:14:33', 'OVO', '5', '2022-02-19 17:43:47', 1),
	(117, 9, 27000, '2021-12-02', '20:05:24', 'Shopee PAY', '5', '2022-02-19 17:43:47', 1),
	(118, 4, 30000, '2021-12-09', '19:22:20', 'OVO', '5', '2022-02-19 17:43:47', 1),
	(124, 3, 25500, '2021-12-09', '20:32:36', 'OVO', '5', '2022-02-19 17:43:47', 1),
	(125, 14, 30000, '2021-12-13', '16:49:22', 'DANA', '9', '2022-02-19 20:26:44', 1),
	(126, 13, 27000, '2021-12-03', '17:21:32', 'OVO', '9', '2022-02-19 20:26:44', 1),
	(127, 10, 23500, '2021-12-06', '21:46:08', 'TUNAI', '9', '2022-02-19 20:26:44', 1),
	(128, 20, 22000, '2021-12-10', '17:15:40', 'GO PAY', '9', '2022-02-19 20:26:44', 1),
	(129, 17, 20000, '2021-12-10', '15:28:55', 'GO PAY', '9', '2022-02-19 20:26:44', 1),
	(130, 2, 20000, '2021-12-05', '16:36:48', 'TUNAI', '9', '2022-02-19 20:26:44', 1),
	(131, 15, 15000, '2021-12-03', '20:08:35', 'i.saku', '18', '2022-02-18 16:48:38', 1),
	(132, 16, 15000, '2021-12-03', '20:14:30', 'i.saku', '18', '2022-02-18 16:48:38', 1),
	(133, 7, 25000, '2021-12-06', '16:31:22', 'i.saku', '18', '2022-02-18 16:48:38', 1),
	(139, 15, 15000, '2021-12-08', '15:46:15', 'GO PAY', '18', '2022-02-18 16:48:38', 1),
	(140, 11, 30000, '2021-12-10', '17:26:03', 'LINK AJA', '18', '2022-02-18 16:48:38', 1),
	(141, 7, 25000, '2021-12-11', '19:16:46', 'OVO', '18', '2022-02-18 16:48:38', 1),
	(142, 21, 25000, '2021-12-12', '15:33:15', 'DANA', '5', '2022-02-19 19:57:42', 1),
	(143, 3, 25500, '2021-12-07', '17:42:32', 'DANA', '5', '2022-02-19 19:57:42', 1),
	(144, 23, 20000, '2021-12-10', '20:41:59', 'i.saku', '5', '2022-02-19 19:57:42', 1),
	(145, 22, 25000, '2021-12-07', '15:57:29', 'DANA', '5', '2022-02-19 19:57:42', 1),
	(146, 14, 30000, '2021-12-06', '19:01:58', 'i.saku', '5', '2022-02-19 19:57:42', 1),
	(147, 1, 17500, '2021-12-07', '16:56:42', 'DANA', '5', '2022-02-19 19:57:42', 1),
	(148, 13, 27000, '2021-12-04', '15:30:48', 'i.saku', '5', '2022-02-19 19:57:42', 1),
	(154, 14, 30000, '2021-12-03', '16:38:32', 'LINK AJA', '12', '2022-02-18 16:14:47', 1),
	(155, 19, 23000, '2021-12-07', '16:47:34', 'LINK AJA', '12', '2022-02-18 16:14:47', 1),
	(156, 24, 20000, '2021-12-08', '19:56:24', 'GO PAY', '12', '2022-02-18 16:14:47', 1),
	(157, 12, 27000, '2021-12-13', '20:09:45', 'OVO', '12', '2022-02-18 16:14:47', 1),
	(158, 22, 25000, '2021-12-12', '20:26:10', 'TUNAI', '12', '2022-02-18 16:14:47', 1),
	(159, 18, 20500, '2021-12-02', '21:53:04', 'GO PAY', '12', '2022-02-18 16:14:47', 1),
	(160, 4, 30000, '2021-12-04', '19:57:13', 'Shopee PAY', '12', '2022-02-18 16:14:47', 1),
	(161, 5, 28000, '2021-12-07', '19:55:34', 'LINK AJA', '12', '2022-02-18 16:14:47', 1),
	(162, 1, 17500, '2021-12-09', '20:00:45', 'DANA', '8', '2022-02-19 19:38:50', 1),
	(163, 17, 20000, '2021-12-10', '17:57:44', 'Shopee PAY', '8', '2022-02-19 19:38:50', 1),
	(169, 8, 25000, '2021-12-06', '15:05:11', 'GO PAY', '8', '2022-02-19 19:38:50', 1),
	(170, 13, 27000, '2021-12-03', '21:59:40', 'LINK AJA', '8', '2022-02-19 19:38:50', 1),
	(171, 21, 25000, '2021-12-10', '16:27:17', 'TUNAI', '8', '2022-02-19 19:38:50', 1),
	(172, 5, 28000, '2021-12-05', '15:07:22', 'LINK AJA', '4', '2022-02-20 17:05:56', 1),
	(173, 22, 25000, '2021-12-09', '15:46:50', 'OVO', '4', '2022-02-20 17:05:56', 1),
	(174, 1, 17500, '2021-12-13', '18:42:30', 'LINK AJA', '4', '2022-02-20 17:05:56', 1),
	(175, 9, 27000, '2021-12-12', '21:48:56', 'Shopee PAY', '4', '2022-02-20 17:05:56', 1),
	(176, 20, 22000, '2021-12-11', '17:27:59', 'OVO', '4', '2022-02-20 17:05:56', 1),
	(177, 24, 20000, '2021-12-01', '20:14:29', 'GO PAY', '4', '2022-02-20 17:05:56', 1),
	(178, 19, 23000, '2021-12-06', '15:15:17', 'DANA', '3', '2022-02-17 15:33:48', 1),
	(184, 9, 27000, '2021-12-12', '16:36:02', 'Shopee PAY', '3', '2022-02-17 15:33:48', 1),
	(185, 17, 20000, '2021-12-04', '18:01:44', 'LINK AJA', '3', '2022-02-17 15:33:48', 1),
	(186, 8, 25000, '2021-12-10', '20:19:40', 'LINK AJA', '3', '2022-02-17 15:33:48', 1),
	(187, 13, 27000, '2021-12-07', '16:28:43', 'TUNAI', '3', '2022-02-17 15:33:48', 1),
	(188, 24, 20000, '2021-12-10', '18:38:28', 'Shopee PAY', '5', '2022-02-20 17:15:14', 1),
	(189, 2, 20000, '2021-12-12', '19:01:01', 'LINK AJA', '5', '2022-02-20 17:15:14', 1),
	(190, 16, 15000, '2021-12-11', '21:37:26', 'Shopee PAY', '5', '2022-02-20 17:15:14', 1),
	(191, 14, 30000, '2021-12-11', '20:31:58', 'DANA', '5', '2022-02-20 17:15:14', 1),
	(192, 15, 15000, '2021-12-04', '18:42:00', 'DANA', '5', '2022-02-20 17:15:14', 1),
	(193, 22, 25000, '2021-12-04', '16:35:31', 'DANA', '5', '2022-02-20 17:15:14', 1),
	(199, 22, 25000, '2021-12-09', '18:58:54', 'DANA', '5', '2022-02-16 21:31:51', 1),
	(200, 15, 15000, '2021-12-12', '18:47:31', 'LINK AJA', '5', '2022-02-16 21:31:51', 1),
	(201, 9, 27000, '2021-12-03', '16:22:01', 'DANA', '5', '2022-02-16 21:31:51', 1),
	(202, 7, 25000, '2021-12-01', '18:19:43', 'TUNAI', '5', '2022-02-16 21:31:51', 1),
	(203, 24, 20000, '2021-12-01', '18:45:22', 'TUNAI', '5', '2022-02-16 21:31:51', 1),
	(204, 18, 20500, '2021-12-10', '18:46:41', 'i.saku', '19', '2022-02-17 21:33:22', 1),
	(205, 3, 25500, '2021-12-10', '19:55:36', 'OVO', '19', '2022-02-17 21:33:22', 1),
	(206, 5, 28000, '2021-12-02', '20:06:12', 'LINK AJA', '19', '2022-02-17 21:33:22', 1),
	(207, 16, 15000, '2021-12-03', '17:49:24', 'Shopee PAY', '19', '2022-02-17 21:33:22', 1),
	(208, 2, 20000, '2021-12-08', '17:16:50', 'TUNAI', '19', '2022-02-17 21:33:22', 1),
	(214, 9, 27000, '2021-12-11', '19:09:17', 'LINK AJA', '19', '2022-02-17 21:33:22', 1),
	(215, 16, 15000, '2021-12-02', '15:04:41', 'LINK AJA', '19', '2022-02-17 21:33:22', 1),
	(216, 3, 25500, '2021-12-11', '18:25:46', 'LINK AJA', '17', '2022-02-16 21:28:15', 1),
	(217, 6, 23000, '2021-12-10', '19:39:30', 'i.saku', '17', '2022-02-16 21:28:15', 1),
	(218, 17, 20000, '2021-12-11', '17:54:06', 'GO PAY', '17', '2022-02-16 21:28:15', 1),
	(219, 10, 23500, '2021-12-06', '15:17:51', 'DANA', '17', '2022-02-16 21:28:15', 1),
	(220, 21, 25000, '2021-12-12', '18:51:12', 'LINK AJA', '17', '2022-02-16 21:28:15', 1),
	(221, 18, 20500, '2021-12-06', '21:02:17', 'GO PAY', '8', '2022-02-17 17:50:47', 1),
	(222, 5, 28000, '2021-12-12', '17:03:51', 'TUNAI', '8', '2022-02-17 17:50:47', 1),
	(223, 22, 25000, '2021-12-09', '18:59:19', 'Shopee PAY', '8', '2022-02-17 17:50:47', 1),
	(229, 1, 17500, '2021-12-03', '17:37:08', 'LINK AJA', '8', '2022-02-17 17:50:47', 1),
	(230, 14, 30000, '2021-12-05', '18:04:22', 'LINK AJA', '8', '2022-02-17 17:50:47', 1),
	(231, 24, 20000, '2021-12-12', '16:57:04', 'DANA', '11', '2022-02-16 19:12:54', 1),
	(232, 15, 15000, '2021-12-12', '16:45:32', 'DANA', '11', '2022-02-16 19:12:54', 1),
	(233, 17, 20000, '2021-12-12', '16:01:36', 'DANA', '11', '2022-02-16 19:12:54', 1),
	(234, 6, 23000, '2021-12-03', '19:11:35', 'TUNAI', '11', '2022-02-16 19:12:54', 1),
	(235, 2, 20000, '2021-12-02', '16:13:29', 'i.saku', '11', '2022-02-16 19:12:54', 1),
	(236, 22, 25000, '2021-12-10', '19:48:35', 'OVO', '11', '2022-02-16 19:12:54', 1),
	(237, 20, 22000, '2021-12-03', '16:08:04', 'TUNAI', '11', '2022-02-16 19:12:54', 1),
	(238, 18, 20500, '2021-12-11', '15:02:45', 'OVO', '11', '2022-02-16 19:12:54', 1),
	(244, 11, 30000, '2021-12-06', '21:42:18', 'GO PAY', '11', '2022-02-16 19:12:54', 1),
	(245, 12, 27000, '2021-12-11', '21:05:50', 'DANA', '12', '2022-02-18 19:14:06', 1),
	(246, 10, 23500, '2021-12-02', '15:58:28', 'i.saku', '12', '2022-02-18 19:14:06', 1),
	(247, 1, 17500, '2021-12-03', '19:40:54', 'DANA', '12', '2022-02-18 19:14:06', 1),
	(248, 3, 25500, '2021-12-08', '17:31:23', 'Shopee PAY', '12', '2022-02-18 19:14:06', 1),
	(249, 6, 23000, '2021-12-02', '21:21:53', 'i.saku', '12', '2022-02-18 19:14:06', 1),
	(250, 24, 20000, '2021-12-05', '17:33:27', 'TUNAI', '12', '2022-02-18 19:14:06', 1),
	(251, 19, 23000, '2021-12-12', '17:36:45', 'TUNAI', '12', '2022-02-18 19:14:06', 1),
	(252, 8, 25000, '2021-12-08', '21:36:42', 'GO PAY', '6', '2022-02-18 20:15:33', 1),
	(253, 21, 25000, '2021-12-05', '16:21:56', 'OVO', '6', '2022-02-18 20:15:33', 1),
	(259, 24, 20000, '2021-12-03', '15:32:46', 'TUNAI', '6', '2022-02-18 20:15:33', 1),
	(260, 21, 25000, '2021-12-12', '17:52:56', 'TUNAI', '6', '2022-02-18 20:15:33', 1),
	(261, 10, 23500, '2021-12-04', '19:50:40', 'DANA', '6', '2022-02-18 20:15:33', 1),
	(262, 11, 30000, '2021-12-06', '19:10:18', 'Shopee PAY', '6', '2022-02-18 20:15:33', 1),
	(263, 7, 25000, '2021-12-10', '20:54:42', 'Shopee PAY', '6', '2022-02-18 20:15:33', 1),
	(264, 12, 27000, '2021-12-12', '21:56:29', 'TUNAI', '6', '2022-02-18 20:15:33', 1),
	(265, 18, 20500, '2021-12-02', '15:17:32', 'GO PAY', '17', '2022-02-18 19:54:49', 1),
	(266, 15, 15000, '2021-12-06', '15:56:33', 'DANA', '17', '2022-02-18 19:54:49', 1),
	(267, 6, 23000, '2021-12-12', '18:35:44', 'Shopee PAY', '17', '2022-02-18 19:54:49', 1),
	(268, 19, 23000, '2021-12-03', '15:02:32', 'OVO', '17', '2022-02-18 19:54:49', 1),
	(274, 9, 27000, '2021-12-03', '15:42:23', 'OVO', '17', '2022-02-18 19:54:49', 1),
	(275, 12, 27000, '2021-12-09', '20:36:46', 'Shopee PAY', '17', '2022-02-18 19:54:49', 1),
	(276, 22, 25000, '2021-12-02', '19:42:09', 'Shopee PAY', '1', '2022-02-19 21:21:52', 1),
	(277, 15, 15000, '2021-12-02', '18:13:56', 'Shopee PAY', '1', '2022-02-19 21:21:52', 1),
	(278, 11, 30000, '2021-12-12', '16:51:41', 'GO PAY', '1', '2022-02-19 21:21:52', 1),
	(279, 14, 30000, '2021-12-06', '20:28:37', 'i.saku', '1', '2022-02-19 21:21:52', 1),
	(280, 17, 20000, '2021-12-05', '19:55:50', 'TUNAI', '1', '2022-02-19 21:21:52', 1),
	(281, 2, 20000, '2021-12-08', '19:13:59', 'i.saku', '1', '2022-02-19 21:21:52', 1),
	(282, 8, 25000, '2021-12-13', '18:01:13', 'OVO', '4', '2022-02-17 15:03:13', 1),
	(283, 4, 30000, '2021-12-07', '21:01:33', 'TUNAI', '4', '2022-02-17 15:03:13', 1),
	(289, 13, 27000, '2021-12-01', '21:07:17', 'TUNAI', '4', '2022-02-17 15:03:13', 1),
	(290, 23, 20000, '2021-12-02', '19:12:23', 'GO PAY', '4', '2022-02-17 15:03:13', 1),
	(291, 15, 15000, '2021-12-08', '15:29:08', 'i.saku', '4', '2022-02-17 15:03:13', 1),
	(292, 22, 25000, '2021-12-11', '19:55:11', 'OVO', '4', '2022-02-17 15:03:13', 1),
	(293, 16, 15000, '2021-12-11', '20:39:05', 'OVO', '13', '2022-02-19 21:53:01', 1),
	(294, 12, 27000, '2021-12-04', '19:46:26', 'GO PAY', '13', '2022-02-19 21:53:01', 1),
	(295, 19, 23000, '2021-12-08', '19:47:28', 'i.saku', '13', '2022-02-19 21:53:01', 1),
	(296, 20, 22000, '2021-12-03', '19:21:38', 'DANA', '13', '2022-02-19 21:53:01', 1),
	(297, 24, 20000, '2021-12-09', '15:40:27', 'DANA', '13', '2022-02-19 21:53:01', 1),
	(298, 17, 20000, '2021-12-06', '20:00:21', 'Shopee PAY', '13', '2022-02-19 21:53:01', 1),
	(304, 19, 23000, '2021-12-02', '19:48:41', 'OVO', '13', '2022-02-19 21:53:01', 1),
	(305, 3, 25500, '2021-12-02', '15:45:44', 'OVO', '13', '2022-02-19 21:53:01', 1),
	(306, 2, 20000, '2021-12-07', '21:29:05', 'DANA', '13', '2022-02-19 21:53:01', 1),
	(307, 15, 15000, '2021-12-08', '17:58:41', 'i.saku', '20', '2022-02-18 19:47:10', 1),
	(308, 23, 20000, '2021-12-03', '19:16:14', 'Shopee PAY', '20', '2022-02-18 19:47:10', 1),
	(309, 13, 27000, '2021-12-04', '21:27:20', 'DANA', '20', '2022-02-18 19:47:10', 1),
	(310, 22, 25000, '2021-12-08', '15:51:19', 'i.saku', '20', '2022-02-18 19:47:10', 1),
	(311, 1, 17500, '2021-12-04', '18:22:16', 'DANA', '20', '2022-02-18 19:47:10', 1),
	(312, 14, 30000, '2021-12-10', '16:30:57', 'LINK AJA', '20', '2022-02-18 19:47:10', 1),
	(313, 12, 27000, '2021-12-04', '18:30:59', 'DANA', '20', '2022-02-18 19:47:10', 1),
	(319, 14, 30000, '2021-12-12', '15:32:20', 'DANA', '20', '2022-02-18 19:47:10', 1),
	(320, 19, 23000, '2021-12-12', '16:30:28', 'i.saku', '5', '2022-02-18 21:03:57', 1),
	(321, 15, 15000, '2021-12-07', '15:41:18', 'i.saku', '5', '2022-02-18 21:03:57', 1),
	(322, 21, 25000, '2021-12-06', '16:21:37', 'TUNAI', '5', '2022-02-18 21:03:57', 1),
	(323, 22, 25000, '2021-12-05', '19:08:57', 'i.saku', '5', '2022-02-18 21:03:57', 1),
	(324, 13, 27000, '2021-12-09', '20:43:12', 'GO PAY', '5', '2022-02-18 21:03:57', 1),
	(325, 17, 20000, '2021-12-10', '18:29:00', 'OVO', '5', '2022-02-18 21:03:57', 1),
	(326, 11, 30000, '2021-12-11', '15:37:11', 'LINK AJA', '5', '2022-02-18 21:03:57', 1),
	(327, 3, 25500, '2021-12-06', '21:09:54', 'TUNAI', '5', '2022-02-18 21:03:57', 1),
	(328, 1, 17500, '2021-12-05', '15:46:30', 'i.saku', '5', '2022-02-18 21:03:57', 1),
	(334, 17, 20000, '2021-12-07', '17:22:37', 'i.saku', '12', '2022-02-19 20:54:28', 1),
	(335, 10, 23500, '2021-12-09', '18:47:51', 'LINK AJA', '12', '2022-02-19 20:54:28', 1),
	(336, 24, 20000, '2021-12-12', '15:37:42', 'GO PAY', '12', '2022-02-19 20:54:28', 1),
	(337, 13, 27000, '2021-12-08', '19:06:05', 'LINK AJA', '12', '2022-02-19 20:54:28', 1),
	(338, 1, 17500, '2021-12-08', '19:00:08', 'LINK AJA', '12', '2022-02-19 20:54:28', 1),
	(339, 18, 20500, '2021-12-02', '15:43:00', 'OVO', '12', '2022-02-19 20:54:28', 1),
	(340, 12, 27000, '2021-12-13', '18:12:23', 'Shopee PAY', '12', '2022-02-19 20:54:28', 1),
	(341, 4, 30000, '2021-12-07', '20:22:13', 'i.saku', '12', '2022-02-19 20:54:28', 1),
	(342, 5, 28000, '2021-12-12', '19:14:18', 'DANA', '12', '2022-02-19 20:54:28', 1),
	(343, 21, 25000, '2021-12-08', '15:10:36', 'Shopee PAY', '20', '2022-02-20 17:05:21', 1),
	(349, 19, 23000, '2021-12-04', '19:34:16', 'LINK AJA', '20', '2022-02-20 17:05:21', 1),
	(350, 1, 17500, '2021-12-09', '18:58:31', 'DANA', '20', '2022-02-20 17:05:21', 1),
	(351, 8, 25000, '2021-12-08', '17:18:09', 'Shopee PAY', '20', '2022-02-20 17:05:21', 1),
	(352, 3, 25500, '2021-12-11', '17:58:36', 'OVO', '20', '2022-02-20 17:05:21', 1),
	(353, 12, 27000, '2021-12-10', '19:45:45', 'Shopee PAY', '20', '2022-02-20 17:05:21', 1),
	(354, 22, 25000, '2021-12-07', '18:30:04', 'Shopee PAY', '15', '2022-02-17 15:07:57', 1),
	(355, 4, 30000, '2021-12-04', '20:21:38', 'GO PAY', '15', '2022-02-17 15:07:57', 1),
	(356, 5, 28000, '2021-12-04', '20:28:43', 'GO PAY', '15', '2022-02-17 15:07:57', 1),
	(357, 9, 27000, '2021-12-12', '18:12:03', 'i.saku', '15', '2022-02-17 15:07:57', 1),
	(358, 7, 25000, '2021-12-08', '21:26:42', 'GO PAY', '15', '2022-02-17 15:07:57', 1),
	(364, 19, 23000, '2021-12-08', '20:18:55', 'GO PAY', '15', '2022-02-17 15:07:57', 1),
	(365, 15, 15000, '2021-12-10', '16:16:43', 'DANA', '18', '2022-02-17 17:14:59', 1),
	(366, 2, 20000, '2021-12-08', '15:03:02', 'GO PAY', '18', '2022-02-17 17:14:59', 1),
	(367, 10, 23500, '2021-12-12', '16:35:47', 'Shopee PAY', '18', '2022-02-17 17:14:59', 1),
	(368, 7, 25000, '2021-12-08', '20:28:47', 'GO PAY', '18', '2022-02-17 17:14:59', 1),
	(369, 14, 30000, '2021-12-13', '17:57:45', 'GO PAY', '18', '2022-02-17 17:14:59', 1),
	(370, 1, 17500, '2021-12-10', '17:41:57', 'i.saku', '6', '2022-02-17 19:55:53', 1),
	(371, 22, 25000, '2021-12-11', '20:51:04', 'i.saku', '6', '2022-02-17 19:55:53', 1),
	(372, 12, 27000, '2021-12-03', '15:04:20', 'LINK AJA', '6', '2022-02-17 19:55:53', 1),
	(373, 21, 25000, '2021-12-06', '20:44:02', 'DANA', '6', '2022-02-17 19:55:53', 1),
	(379, 14, 30000, '2021-12-03', '16:35:02', 'LINK AJA', '6', '2022-02-17 19:55:53', 1),
	(380, 1, 17500, '2021-12-08', '16:44:25', 'GO PAY', '6', '2022-02-17 19:55:53', 1),
	(381, 19, 23000, '2021-12-02', '18:14:58', 'GO PAY', '15', '2022-02-18 19:19:39', 1),
	(382, 17, 20000, '2021-12-12', '17:25:50', 'OVO', '15', '2022-02-18 19:19:39', 1),
	(383, 21, 25000, '2021-12-05', '21:11:34', 'DANA', '15', '2022-02-18 19:19:39', 1),
	(384, 24, 20000, '2021-12-09', '16:47:48', 'LINK AJA', '15', '2022-02-18 19:19:39', 1),
	(385, 22, 25000, '2021-12-05', '19:53:05', 'DANA', '15', '2022-02-18 19:19:39', 1),
	(386, 18, 20500, '2021-12-03', '15:51:39', 'DANA', '15', '2022-02-18 19:19:39', 1),
	(387, 23, 20000, '2021-12-03', '21:34:15', 'GO PAY', '3', '2022-02-18 21:55:24', 1),
	(388, 4, 30000, '2021-12-04', '19:04:15', 'TUNAI', '3', '2022-02-18 21:55:24', 1),
	(394, 18, 20500, '2021-12-10', '17:11:11', 'Shopee PAY', '3', '2022-02-18 21:55:24', 1),
	(395, 1, 17500, '2021-12-05', '16:20:10', 'TUNAI', '3', '2022-02-18 21:55:24', 1),
	(396, 7, 25000, '2021-12-05', '18:40:33', 'TUNAI', '3', '2022-02-18 21:55:24', 1),
	(397, 5, 28000, '2021-12-12', '19:38:02', 'LINK AJA', '3', '2022-02-18 21:55:24', 1),
	(398, 3, 25500, '2021-12-06', '15:26:15', 'i.saku', '12', '2022-02-19 16:13:01', 1),
	(399, 9, 27000, '2021-12-08', '15:13:14', 'OVO', '12', '2022-02-19 16:13:01', 1),
	(400, 23, 20000, '2021-12-03', '21:02:10', 'TUNAI', '12', '2022-02-19 16:13:01', 1),
	(401, 4, 30000, '2021-12-10', '20:43:05', 'i.saku', '12', '2022-02-19 16:13:01', 1),
	(402, 16, 15000, '2021-12-12', '15:01:52', 'OVO', '12', '2022-02-19 16:13:01', 1),
	(403, 15, 15000, '2021-12-07', '20:32:20', 'GO PAY', '12', '2022-02-19 16:13:01', 1),
	(409, 21, 25000, '2021-12-07', '17:42:51', 'GO PAY', '12', '2022-02-19 16:13:01', 1),
	(410, 20, 22000, '2021-12-04', '21:10:44', 'GO PAY', '2', '2022-02-20 18:41:39', 1),
	(411, 19, 23000, '2021-12-03', '15:50:13', 'GO PAY', '2', '2022-02-20 18:41:39', 1),
	(412, 16, 15000, '2021-12-02', '17:45:57', 'OVO', '2', '2022-02-20 18:41:39', 1),
	(413, 3, 25500, '2021-12-05', '21:51:50', 'Shopee PAY', '2', '2022-02-20 18:41:39', 1),
	(414, 10, 23500, '2021-12-02', '17:57:12', 'OVO', '2', '2022-02-20 18:41:39', 1),
	(415, 2, 20000, '2021-12-13', '19:22:30', 'i.saku', '2', '2022-02-20 18:41:39', 1),
	(416, 11, 30000, '2021-12-03', '18:25:21', 'GO PAY', '2', '2022-02-20 18:41:39', 1),
	(417, 18, 20500, '2021-12-08', '18:17:17', 'TUNAI', '2', '2022-02-20 18:41:39', 1),
	(418, 6, 23000, '2021-12-05', '18:46:11', 'DANA', '11', '2022-02-16 21:34:14', 1),
	(424, 10, 23500, '2021-12-05', '18:49:04', 'DANA', '11', '2022-02-16 21:34:14', 1),
	(425, 5, 28000, '2021-12-03', '16:21:22', 'Shopee PAY', '11', '2022-02-16 21:34:14', 1),
	(426, 19, 23000, '2021-12-11', '19:32:15', 'LINK AJA', '11', '2022-02-16 21:34:14', 1),
	(427, 8, 25000, '2021-12-13', '15:31:08', 'TUNAI', '11', '2022-02-16 21:34:14', 1),
	(428, 9, 27000, '2021-12-07', '15:44:52', 'LINK AJA', '11', '2022-02-16 21:34:14', 1),
	(429, 14, 30000, '2021-12-09', '17:10:11', 'i.saku', '5', '2022-02-20 16:29:30', 1),
	(430, 23, 20000, '2021-12-08', '17:38:17', 'i.saku', '5', '2022-02-20 16:29:30', 1),
	(431, 6, 23000, '2021-12-11', '15:29:57', 'i.saku', '5', '2022-02-20 16:29:30', 1),
	(432, 15, 15000, '2021-12-13', '21:55:11', 'i.saku', '5', '2022-02-20 16:29:30', 1),
	(433, 13, 27000, '2021-12-10', '16:30:22', 'DANA', '5', '2022-02-20 16:29:30', 1),
	(439, 5, 28000, '2021-12-13', '21:54:32', 'Shopee PAY', '17', '2022-02-17 15:28:43', 1),
	(440, 24, 20000, '2021-12-01', '18:36:48', 'LINK AJA', '17', '2022-02-17 15:28:43', 1),
	(441, 10, 23500, '2021-12-04', '15:37:17', 'TUNAI', '17', '2022-02-17 15:28:43', 1),
	(442, 17, 20000, '2021-12-09', '17:30:24', 'Shopee PAY', '17', '2022-02-17 15:28:43', 1),
	(443, 11, 30000, '2021-12-02', '20:29:58', 'Shopee PAY', '17', '2022-02-17 15:28:43', 1),
	(444, 12, 27000, '2021-12-03', '18:11:31', 'DANA', '17', '2022-02-17 15:28:43', 1),
	(445, 3, 25500, '2021-12-03', '16:28:01', 'DANA', '17', '2022-02-17 15:28:43', 1),
	(446, 15, 15000, '2021-12-13', '18:43:18', 'GO PAY', '15', '2022-02-20 16:23:15', 1),
	(447, 2, 20000, '2021-12-12', '21:23:33', 'OVO', '15', '2022-02-20 16:23:15', 1),
	(448, 4, 30000, '2021-12-12', '15:45:23', 'OVO', '15', '2022-02-20 16:23:15', 1),
	(454, 24, 20000, '2021-12-06', '20:23:01', 'DANA', '15', '2022-02-20 16:23:15', 1),
	(455, 9, 27000, '2021-12-06', '20:21:13', 'DANA', '15', '2022-02-20 16:23:15', 1),
	(456, 7, 25000, '2021-12-08', '20:31:30', 'OVO', '5', '2022-02-16 18:10:18', 1),
	(457, 4, 30000, '2021-12-06', '17:00:58', 'GO PAY', '5', '2022-02-16 18:10:18', 1),
	(458, 19, 23000, '2021-12-11', '16:41:25', 'i.saku', '5', '2022-02-16 18:10:18', 1),
	(459, 21, 25000, '2021-12-05', '20:33:57', 'i.saku', '5', '2022-02-16 18:10:18', 1),
	(460, 14, 30000, '2021-12-06', '17:22:43', 'GO PAY', '5', '2022-02-16 18:10:18', 1),
	(461, 2, 20000, '2021-12-12', '21:04:30', 'GO PAY', '5', '2022-02-16 18:10:18', 1),
	(462, 6, 23000, '2021-12-07', '16:04:03', 'i.saku', '5', '2022-02-16 18:10:18', 1),
	(463, 8, 25000, '2021-12-09', '15:10:53', 'LINK AJA', '5', '2022-02-16 18:10:18', 1),
	(469, 17, 20000, '2021-12-09', '15:00:03', 'GO PAY', '13', '2022-02-17 17:32:31', 1),
	(470, 24, 20000, '2021-12-09', '18:25:10', 'GO PAY', '13', '2022-02-17 17:32:31', 1),
	(471, 1, 17500, '2021-12-01', '20:40:56', 'OVO', '13', '2022-02-17 17:32:31', 1),
	(472, 2, 20000, '2021-12-03', '16:12:58', 'DANA', '13', '2022-02-17 17:32:31', 1),
	(473, 16, 15000, '2021-12-07', '18:46:56', 'DANA', '13', '2022-02-17 17:32:31', 1),
	(474, 9, 27000, '2021-12-13', '19:09:40', 'OVO', '13', '2022-02-17 17:32:31', 1),
	(475, 19, 23000, '2021-12-03', '19:16:18', 'DANA', '13', '2022-02-17 17:32:31', 1),
	(476, 5, 28000, '2021-12-07', '15:20:06', 'DANA', '13', '2022-02-17 17:32:31', 1),
	(477, 3, 25500, '2021-12-04', '21:52:26', 'DANA', '10', '2022-02-17 20:58:30', 1),
	(478, 7, 25000, '2021-12-09', '21:58:58', 'OVO', '10', '2022-02-17 20:58:30', 1),
	(484, 22, 25000, '2021-12-07', '17:28:52', 'DANA', '10', '2022-02-17 20:58:30', 1),
	(485, 11, 30000, '2021-12-05', '15:22:31', 'TUNAI', '10', '2022-02-17 20:58:30', 1),
	(486, 9, 27000, '2021-12-11', '20:31:15', 'OVO', '10', '2022-02-17 20:58:30', 1),
	(487, 23, 20000, '2021-12-05', '15:29:17', 'TUNAI', '10', '2022-02-17 20:58:30', 1),
	(488, 3, 25500, '2021-12-11', '19:12:08', 'LINK AJA', '10', '2022-02-17 20:58:30', 1),
	(489, 12, 27000, '2021-12-02', '15:30:38', 'DANA', '10', '2022-02-17 20:58:30', 1),
	(490, 24, 20000, '2021-12-02', '15:03:50', 'DANA', '10', '2022-02-17 20:58:30', 1),
	(491, 10, 23500, '2021-12-04', '17:07:49', 'OVO', '18', '2022-02-17 17:37:08', 1),
	(492, 6, 23000, '2021-12-06', '15:17:47', 'OVO', '18', '2022-02-17 17:37:08', 1),
	(493, 4, 30000, '2021-12-02', '20:14:32', 'TUNAI', '18', '2022-02-17 17:37:08', 1),
	(499, 8, 25000, '2021-12-07', '18:56:21', 'OVO', '18', '2022-02-17 17:37:08', 1),
	(500, 19, 23000, '2021-12-10', '15:12:10', 'OVO', '18', '2022-02-17 17:37:08', 1),
	(501, 21, 25000, '2021-12-03', '15:22:52', 'DANA', '18', '2022-02-17 17:37:08', 1),
	(502, 6, 23000, '2021-12-08', '21:35:45', 'LINK AJA', '1', '2022-02-20 16:20:14', 1),
	(503, 12, 27000, '2021-12-07', '18:26:45', 'GO PAY', '1', '2022-02-20 16:20:14', 1),
	(504, 16, 15000, '2021-12-03', '15:33:07', 'i.saku', '1', '2022-02-20 16:20:14', 1),
	(505, 18, 20500, '2021-12-08', '19:47:43', 'LINK AJA', '1', '2022-02-20 16:20:14', 1),
	(506, 1, 17500, '2021-12-12', '20:56:24', 'GO PAY', '1', '2022-02-20 16:20:14', 1),
	(507, 9, 27000, '2021-12-06', '17:03:09', 'TUNAI', '8', '2022-02-18 16:32:40', 1),
	(508, 23, 20000, '2021-12-13', '17:37:00', 'OVO', '8', '2022-02-18 16:32:40', 1),
	(514, 15, 15000, '2021-12-10', '18:25:36', 'DANA', '8', '2022-02-18 16:32:40', 1),
	(515, 14, 30000, '2021-12-02', '21:35:25', 'GO PAY', '8', '2022-02-18 16:32:40', 1),
	(516, 5, 28000, '2021-12-13', '19:10:39', 'Shopee PAY', '8', '2022-02-18 16:32:40', 1),
	(517, 20, 22000, '2021-12-05', '20:15:39', 'DANA', '8', '2022-02-18 16:32:40', 1),
	(518, 7, 25000, '2021-12-12', '18:12:38', 'LINK AJA', '8', '2022-02-18 16:32:40', 1),
	(519, 3, 25500, '2021-12-04', '19:13:23', 'OVO', '8', '2022-02-18 16:32:40', 1),
	(520, 16, 15000, '2021-12-13', '20:12:21', 'Shopee PAY', '19', '2022-02-19 16:25:43', 1),
	(521, 10, 23500, '2021-12-02', '21:38:07', 'TUNAI', '19', '2022-02-19 16:25:43', 1),
	(522, 17, 20000, '2021-12-06', '16:57:40', 'GO PAY', '19', '2022-02-19 16:25:43', 1),
	(523, 18, 20500, '2021-12-11', '17:20:06', 'LINK AJA', '19', '2022-02-19 16:25:43', 1),
	(529, 13, 27000, '2021-12-07', '16:28:00', 'OVO', '19', '2022-02-19 16:25:43', 1),
	(530, 8, 25000, '2021-12-03', '21:06:09', 'GO PAY', '19', '2022-02-19 16:25:43', 1),
	(531, 4, 30000, '2021-12-04', '17:09:33', 'LINK AJA', '19', '2022-02-19 16:25:43', 1),
	(532, 6, 23000, '2021-12-03', '20:33:56', 'GO PAY', '19', '2022-02-19 16:25:43', 1),
	(533, 24, 20000, '2021-12-03', '19:11:23', 'TUNAI', '15', '2022-02-20 15:56:30', 1),
	(534, 21, 25000, '2021-12-13', '19:04:20', 'OVO', '15', '2022-02-20 15:56:30', 1),
	(535, 17, 20000, '2021-12-07', '19:41:06', 'Shopee PAY', '15', '2022-02-20 15:56:30', 1),
	(536, 5, 28000, '2021-12-06', '21:50:08', 'LINK AJA', '15', '2022-02-20 15:56:30', 1),
	(537, 3, 25500, '2021-12-05', '19:35:20', 'DANA', '15', '2022-02-20 15:56:30', 1),
	(538, 1, 17500, '2021-12-02', '19:58:01', 'GO PAY', '15', '2022-02-20 15:56:30', 1),
	(544, 17, 20000, '2021-12-11', '21:59:52', 'GO PAY', '15', '2022-02-20 15:56:30', 1),
	(545, 2, 20000, '2021-12-12', '16:53:15', 'DANA', '15', '2022-02-20 15:56:30', 1),
	(546, 3, 25500, '2021-12-05', '16:19:19', 'DANA', '15', '2022-02-20 15:56:30', 1),
	(547, 5, 28000, '2021-12-12', '15:53:08', 'TUNAI', '19', '2022-02-19 19:21:12', 1),
	(548, 19, 23000, '2021-12-09', '18:23:16', 'GO PAY', '19', '2022-02-19 19:21:12', 1),
	(549, 10, 23500, '2021-12-09', '17:47:04', 'GO PAY', '19', '2022-02-19 19:21:12', 1),
	(550, 13, 27000, '2021-12-06', '17:22:40', 'Shopee PAY', '19', '2022-02-19 19:21:12', 1),
	(551, 20, 22000, '2021-12-02', '20:13:47', 'Shopee PAY', '19', '2022-02-19 19:21:12', 1),
	(552, 22, 25000, '2021-12-09', '21:40:53', 'GO PAY', '19', '2022-02-19 19:21:12', 1),
	(553, 18, 20500, '2021-12-05', '18:06:14', 'DANA', '19', '2022-02-19 19:21:12', 1),
	(559, 16, 15000, '2021-12-11', '20:50:53', 'TUNAI', '8', '2022-02-20 17:57:06', 1),
	(560, 2, 20000, '2021-12-02', '20:14:10', 'DANA', '8', '2022-02-20 17:57:06', 1),
	(561, 24, 20000, '2021-12-02', '18:59:33', 'DANA', '8', '2022-02-20 17:57:06', 1),
	(562, 23, 20000, '2021-12-02', '16:09:08', 'DANA', '8', '2022-02-20 17:57:06', 1),
	(563, 15, 15000, '2021-12-13', '19:21:52', 'GO PAY', '8', '2022-02-20 17:57:06', 1),
	(564, 11, 30000, '2021-12-02', '19:33:38', 'DANA', '8', '2022-02-20 17:57:06', 1),
	(565, 9, 27000, '2021-12-08', '15:18:38', 'TUNAI', '14', '2022-02-20 16:51:10', 1),
	(566, 8, 25000, '2021-12-12', '15:51:34', 'OVO', '14', '2022-02-20 16:51:10', 1),
	(567, 6, 23000, '2021-12-12', '15:18:26', 'OVO', '14', '2022-02-20 16:51:10', 1),
	(568, 14, 30000, '2021-12-03', '21:45:08', 'OVO', '14', '2022-02-20 16:51:10', 1),
	(574, 23, 20000, '2021-12-03', '16:27:33', 'OVO', '14', '2022-02-20 16:51:10', 1),
	(575, 22, 25000, '2021-12-04', '18:12:52', 'OVO', '14', '2022-02-20 16:51:10', 1),
	(576, 17, 20000, '2021-12-08', '19:09:58', 'TUNAI', '14', '2022-02-20 16:51:10', 1),
	(577, 7, 25000, '2021-12-08', '17:28:36', 'TUNAI', '14', '2022-02-20 16:51:10', 1),
	(578, 9, 27000, '2021-12-04', '15:04:58', 'OVO', '17', '2022-02-16 19:24:53', 1),
	(579, 6, 23000, '2021-12-13', '16:50:47', 'LINK AJA', '17', '2022-02-16 19:24:53', 1),
	(580, 13, 27000, '2021-12-03', '17:04:07', 'i.saku', '17', '2022-02-16 19:24:53', 1),
	(581, 19, 23000, '2021-12-05', '19:20:18', 'OVO', '17', '2022-02-16 19:24:53', 1),
	(582, 16, 15000, '2021-12-06', '20:36:52', 'DANA', '17', '2022-02-16 19:24:53', 1),
	(583, 24, 20000, '2021-12-07', '16:56:35', 'TUNAI', '8', '2022-02-20 21:12:46', 1),
	(589, 6, 23000, '2021-12-04', '18:39:50', 'OVO', '8', '2022-02-20 21:12:46', 1),
	(590, 13, 27000, '2021-12-07', '18:15:41', 'TUNAI', '8', '2022-02-20 21:12:46', 1),
	(591, 16, 15000, '2021-12-02', '17:10:08', 'LINK AJA', '8', '2022-02-20 21:12:46', 1),
	(592, 24, 20000, '2021-12-13', '21:32:12', 'GO PAY', '8', '2022-02-20 21:12:46', 1),
	(593, 4, 30000, '2021-12-11', '17:49:55', 'LINK AJA', '8', '2022-02-20 21:12:46', 1),
	(594, 9, 27000, '2021-12-11', '16:21:13', 'OVO', '8', '2022-02-20 21:12:46', 1),
	(595, 19, 23000, '2021-12-09', '15:44:33', 'GO PAY', '8', '2022-02-20 21:12:46', 1),
	(596, 15, 15000, '2021-12-08', '18:31:46', 'GO PAY', '6', '2022-02-19 17:24:08', 1),
	(597, 20, 22000, '2021-12-09', '21:49:40', 'GO PAY', '6', '2022-02-19 17:24:08', 1),
	(598, 23, 20000, '2021-12-09', '21:04:41', 'GO PAY', '6', '2022-02-19 17:24:08', 1),
	(604, 21, 25000, '2021-12-02', '19:17:21', 'OVO', '6', '2022-02-19 17:24:08', 1),
	(605, 23, 20000, '2021-12-06', '16:51:29', 'GO PAY', '6', '2022-02-19 17:24:08', 1),
	(606, 22, 25000, '2021-12-10', '20:45:30', 'LINK AJA', '6', '2022-02-19 17:24:08', 1),
	(607, 14, 30000, '2021-12-04', '15:57:38', 'DANA', '20', '2022-02-16 20:45:37', 1),
	(608, 15, 15000, '2021-12-11', '15:52:57', 'TUNAI', '20', '2022-02-16 20:45:37', 1),
	(609, 10, 23500, '2021-12-06', '15:42:21', 'DANA', '20', '2022-02-16 20:45:37', 1),
	(610, 6, 23000, '2021-12-06', '19:47:37', 'DANA', '20', '2022-02-16 20:45:37', 1),
	(611, 8, 25000, '2021-12-05', '16:01:14', 'Shopee PAY', '20', '2022-02-16 20:45:37', 1),
	(612, 1, 17500, '2021-12-07', '16:49:19', 'OVO', '14', '2022-02-17 18:14:56', 1),
	(613, 12, 27000, '2021-12-06', '19:43:50', 'TUNAI', '14', '2022-02-17 18:14:56', 1),
	(619, 19, 23000, '2021-12-07', '17:13:16', 'OVO', '14', '2022-02-17 18:14:56', 1),
	(620, 14, 30000, '2021-12-03', '15:59:43', 'OVO', '14', '2022-02-17 18:14:56', 1),
	(621, 20, 22000, '2021-12-07', '17:42:53', 'OVO', '14', '2022-02-17 18:14:56', 1),
	(622, 15, 15000, '2021-12-12', '16:03:32', 'DANA', '14', '2022-02-17 18:14:56', 1),
	(623, 3, 25500, '2021-12-13', '19:33:16', 'i.saku', '15', '2022-02-16 18:48:49', 1),
	(624, 6, 23000, '2021-12-12', '16:17:17', 'Shopee PAY', '15', '2022-02-16 18:48:49', 1),
	(625, 2, 20000, '2021-12-12', '21:08:21', 'Shopee PAY', '15', '2022-02-16 18:48:49', 1),
	(626, 5, 28000, '2021-12-01', '16:30:29', 'DANA', '15', '2022-02-16 18:48:49', 1),
	(627, 4, 30000, '2021-12-11', '17:36:21', 'Shopee PAY', '15', '2022-02-16 18:48:49', 1),
	(628, 8, 25000, '2021-12-08', '18:57:00', 'OVO', '15', '2022-02-16 18:48:49', 1),
	(634, 14, 30000, '2021-12-13', '15:41:00', 'Shopee PAY', '18', '2022-02-18 16:56:25', 1),
	(635, 10, 23500, '2021-12-07', '18:35:38', 'Shopee PAY', '18', '2022-02-18 16:56:25', 1),
	(636, 3, 25500, '2021-12-07', '15:54:42', 'Shopee PAY', '18', '2022-02-18 16:56:25', 1),
	(637, 5, 28000, '2021-12-04', '20:29:02', 'TUNAI', '18', '2022-02-18 16:56:25', 1),
	(638, 8, 25000, '2021-12-12', '16:30:23', 'GO PAY', '18', '2022-02-18 16:56:25', 1),
	(639, 21, 25000, '2021-12-07', '17:55:08', 'Shopee PAY', '18', '2022-02-18 16:56:25', 1),
	(640, 15, 15000, '2021-12-03', '21:15:31', 'GO PAY', '18', '2022-02-18 16:56:25', 1),
	(641, 18, 20500, '2021-12-07', '18:02:06', 'Shopee PAY', '18', '2022-02-18 16:56:25', 1),
	(642, 7, 25000, '2021-12-06', '19:29:29', 'GO PAY', '18', '2022-02-18 16:56:25', 1),
	(643, 19, 23000, '2021-12-11', '18:03:04', 'TUNAI', '13', '2022-02-16 21:36:13', 1),
	(649, 15, 15000, '2021-12-03', '15:23:58', 'i.saku', '13', '2022-02-16 21:36:13', 1),
	(650, 1, 17500, '2021-12-11', '20:38:48', 'i.saku', '13', '2022-02-16 21:36:13', 1),
	(651, 19, 23000, '2021-12-05', '16:53:25', 'i.saku', '13', '2022-02-16 21:36:13', 1),
	(652, 10, 23500, '2021-12-13', '20:23:05', 'i.saku', '13', '2022-02-16 21:36:13', 1),
	(653, 24, 20000, '2021-12-11', '19:12:15', 'OVO', '13', '2022-02-16 21:36:13', 1),
	(654, 17, 20000, '2021-12-03', '20:56:15', 'i.saku', '13', '2022-02-16 21:36:13', 1),
	(655, 23, 20000, '2021-12-10', '20:25:49', 'Shopee PAY', '13', '2022-02-16 21:36:13', 1),
	(656, 7, 25000, '2021-12-06', '19:46:33', 'DANA', '11', '2022-02-16 15:56:54', 1),
	(657, 9, 27000, '2021-12-07', '16:00:05', 'OVO', '11', '2022-02-16 15:56:54', 1),
	(658, 20, 22000, '2021-12-04', '20:45:19', 'i.saku', '11', '2022-02-16 15:56:54', 1),
	(664, 21, 25000, '2021-12-08', '15:08:57', 'OVO', '11', '2022-02-16 15:56:54', 1),
	(665, 14, 30000, '2021-12-02', '20:09:52', 'Shopee PAY', '11', '2022-02-16 15:56:54', 1),
	(666, 2, 20000, '2021-12-03', '15:48:19', 'OVO', '11', '2022-02-16 15:56:54', 1),
	(667, 5, 28000, '2021-12-05', '16:03:10', 'Shopee PAY', '11', '2022-02-16 15:56:54', 1),
	(668, 3, 25500, '2021-12-02', '17:44:20', 'Shopee PAY', '11', '2022-02-16 15:56:54', 1),
	(669, 18, 20500, '2021-12-12', '18:05:36', 'i.saku', '11', '2022-02-16 15:56:54', 1),
	(670, 12, 27000, '2021-12-02', '15:55:47', 'DANA', '1', '2022-02-18 15:24:59', 1),
	(671, 23, 20000, '2021-12-02', '16:26:08', 'DANA', '1', '2022-02-18 15:24:59', 1),
	(672, 4, 30000, '2021-12-01', '16:22:30', 'OVO', '1', '2022-02-18 15:24:59', 1),
	(673, 24, 20000, '2021-12-06', '17:45:10', 'Shopee PAY', '1', '2022-02-18 15:24:59', 1),
	(679, 4, 30000, '2021-12-08', '15:58:42', 'LINK AJA', '1', '2022-02-18 15:24:59', 1),
	(680, 1, 17500, '2021-12-11', '21:27:44', 'LINK AJA', '1', '2022-02-18 15:24:59', 1),
	(681, 7, 25000, '2021-12-05', '17:30:30', 'i.saku', '1', '2022-02-18 15:24:59', 1),
	(682, 18, 20500, '2021-12-10', '15:18:39', 'OVO', '1', '2022-02-18 15:24:59', 1),
	(683, 22, 25000, '2021-12-03', '21:12:19', 'GO PAY', '1', '2022-02-18 15:24:59', 1),
	(684, 11, 30000, '2021-12-10', '18:28:22', 'TUNAI', '20', '2022-02-16 18:04:31', 1),
	(685, 10, 23500, '2021-12-06', '21:56:26', 'TUNAI', '20', '2022-02-16 18:04:31', 1),
	(686, 9, 27000, '2021-12-02', '19:21:44', 'LINK AJA', '20', '2022-02-16 18:04:31', 1),
	(687, 19, 23000, '2021-12-03', '15:30:34', 'OVO', '20', '2022-02-16 18:04:31', 1),
	(688, 5, 28000, '2021-12-06', '21:26:48', 'TUNAI', '20', '2022-02-16 18:04:31', 1),
	(694, 19, 23000, '2021-12-02', '18:29:26', 'DANA', '8', '2022-02-20 21:07:27', 1),
	(695, 16, 15000, '2021-12-09', '17:20:57', 'TUNAI', '8', '2022-02-20 21:07:27', 1),
	(696, 18, 20500, '2021-12-04', '18:20:38', 'GO PAY', '8', '2022-02-20 21:07:27', 1),
	(697, 10, 23500, '2021-12-06', '18:28:55', 'Shopee PAY', '8', '2022-02-20 21:07:27', 1),
	(698, 23, 20000, '2021-12-02', '17:00:51', 'DANA', '8', '2022-02-20 21:07:27', 1),
	(699, 6, 23000, '2021-12-11', '17:49:56', 'TUNAI', '8', '2022-02-20 21:07:27', 1),
	(700, 9, 27000, '2021-12-12', '19:53:56', 'i.saku', '8', '2022-02-20 21:07:27', 1),
	(701, 22, 25000, '2021-12-08', '17:07:49', 'GO PAY', '8', '2022-02-18 18:34:24', 1),
	(702, 1, 17500, '2021-12-04', '20:17:48', 'DANA', '8', '2022-02-18 18:34:24', 1),
	(703, 7, 25000, '2021-12-08', '16:33:02', 'GO PAY', '8', '2022-02-18 18:34:24', 1),
	(709, 22, 25000, '2021-12-07', '17:29:54', 'GO PAY', '8', '2022-02-18 18:34:24', 1),
	(710, 16, 15000, '2021-12-12', '17:39:21', 'OVO', '8', '2022-02-18 18:34:24', 1),
	(711, 18, 20500, '2021-12-02', '15:29:58', 'DANA', '8', '2022-02-18 18:34:24', 1),
	(712, 8, 25000, '2021-12-09', '15:17:19', 'OVO', '8', '2022-02-18 18:34:24', 1),
	(713, 2, 20000, '2021-12-12', '15:01:40', 'OVO', '8', '2022-02-18 18:34:24', 1),
	(714, 9, 27000, '2021-12-02', '16:11:32', 'DANA', '8', '2022-02-18 18:34:24', 1),
	(715, 6, 23000, '2021-12-02', '15:27:44', 'OVO', '5', '2022-02-20 16:34:54', 1),
	(716, 23, 20000, '2021-12-07', '19:41:35', 'LINK AJA', '5', '2022-02-20 16:34:54', 1),
	(717, 20, 22000, '2021-12-08', '16:50:05', 'OVO', '5', '2022-02-20 16:34:54', 1),
	(718, 1, 17500, '2021-12-09', '19:31:39', 'TUNAI', '5', '2022-02-20 16:34:54', 1),
	(724, 18, 20500, '2021-12-09', '20:07:02', 'TUNAI', '5', '2022-02-20 16:34:54', 1),
	(725, 10, 23500, '2021-12-10', '20:56:57', 'Shopee PAY', '5', '2022-02-20 16:34:54', 1),
	(726, 4, 30000, '2021-12-04', '19:20:40', 'TUNAI', '5', '2022-02-20 16:34:54', 1),
	(727, 21, 25000, '2021-12-03', '19:54:17', 'TUNAI', '5', '2022-02-20 16:34:54', 1),
	(728, 17, 20000, '2021-12-11', '17:13:34', 'TUNAI', '5', '2022-02-20 16:34:54', 1),
	(729, 14, 30000, '2021-12-03', '18:14:01', 'i.saku', '10', '2022-02-18 16:09:06', 1),
	(730, 8, 25000, '2021-12-07', '20:35:58', 'DANA', '10', '2022-02-18 16:09:06', 1),
	(731, 24, 20000, '2021-12-04', '15:39:59', 'LINK AJA', '10', '2022-02-18 16:09:06', 1),
	(732, 13, 27000, '2021-12-08', '15:40:53', 'LINK AJA', '10', '2022-02-18 16:09:06', 1),
	(733, 16, 15000, '2021-12-04', '21:24:25', 'LINK AJA', '10', '2022-02-18 16:09:06', 1),
	(739, 12, 27000, '2021-12-06', '15:23:35', 'TUNAI', '10', '2022-02-18 16:09:06', 1),
	(740, 1, 17500, '2021-12-12', '18:23:30', 'Shopee PAY', '10', '2022-02-18 16:09:06', 1),
	(741, 8, 25000, '2021-12-03', '17:43:31', 'i.saku', '10', '2022-02-18 16:09:06', 1),
	(742, 21, 25000, '2021-12-03', '16:16:53', 'TUNAI', '16', '2022-02-20 15:55:25', 1),
	(743, 22, 25000, '2021-12-09', '18:54:29', 'TUNAI', '16', '2022-02-20 15:55:25', 1),
	(744, 13, 27000, '2021-12-04', '20:30:04', 'GO PAY', '16', '2022-02-20 15:55:25', 1),
	(745, 4, 30000, '2021-12-08', '21:44:43', 'TUNAI', '16', '2022-02-20 15:55:25', 1),
	(746, 9, 27000, '2021-12-09', '16:06:50', 'TUNAI', '16', '2022-02-20 15:55:25', 1),
	(747, 5, 28000, '2021-12-05', '21:54:36', 'LINK AJA', '16', '2022-02-20 15:55:25', 1),
	(748, 11, 30000, '2021-12-02', '16:13:15', 'LINK AJA', '12', '2022-02-17 21:30:40', 1),
	(754, 6, 23000, '2021-12-10', '16:15:35', 'DANA', '12', '2022-02-17 21:30:40', 1),
	(755, 13, 27000, '2021-12-13', '21:16:15', 'DANA', '12', '2022-02-17 21:30:40', 1),
	(756, 7, 25000, '2021-12-12', '17:38:14', 'i.saku', '12', '2022-02-17 21:30:40', 1),
	(757, 16, 15000, '2021-12-11', '17:40:23', 'DANA', '12', '2022-02-17 21:30:40', 1),
	(758, 23, 20000, '2021-12-05', '20:12:06', 'i.saku', '12', '2022-02-17 21:30:40', 1),
	(759, 10, 23500, '2021-12-09', '15:42:37', 'TUNAI', '9', '2022-02-17 17:32:44', 1),
	(760, 19, 23000, '2021-12-05', '20:01:29', 'GO PAY', '9', '2022-02-17 17:32:44', 1),
	(761, 14, 30000, '2021-12-04', '15:28:18', 'GO PAY', '9', '2022-02-17 17:32:44', 1),
	(762, 17, 20000, '2021-12-03', '15:34:18', 'OVO', '9', '2022-02-17 17:32:44', 1),
	(763, 8, 25000, '2021-12-02', '16:57:41', 'LINK AJA', '9', '2022-02-17 17:32:44', 1),
	(769, 14, 30000, '2021-12-13', '15:48:42', 'DANA', '9', '2022-02-17 17:32:44', 1),
	(770, 24, 20000, '2021-12-12', '17:15:16', 'GO PAY', '9', '2022-02-17 17:32:44', 1),
	(771, 9, 27000, '2021-12-07', '15:24:56', 'i.saku', '5', '2022-02-19 17:45:18', 1),
	(772, 19, 23000, '2021-12-04', '16:13:46', 'Shopee PAY', '5', '2022-02-19 17:45:18', 1),
	(773, 17, 20000, '2021-12-12', '19:03:14', 'DANA', '5', '2022-02-19 17:45:18', 1),
	(774, 3, 25500, '2021-12-07', '18:21:26', 'i.saku', '5', '2022-02-19 17:45:18', 1),
	(775, 15, 15000, '2021-12-05', '16:18:21', 'TUNAI', '5', '2022-02-19 17:45:18', 1),
	(776, 20, 22000, '2021-12-03', '20:47:26', 'i.saku', '5', '2022-02-19 17:45:18', 1),
	(777, 6, 23000, '2021-12-07', '15:13:04', 'i.saku', '5', '2022-02-19 17:45:18', 1),
	(778, 1, 17500, '2021-12-06', '17:13:54', 'DANA', '5', '2022-02-19 17:45:18', 1),
	(784, 18, 20500, '2021-12-07', '19:15:44', 'i.saku', '6', '2022-02-18 18:47:19', 1),
	(785, 10, 23500, '2021-12-06', '20:45:44', 'DANA', '6', '2022-02-18 18:47:19', 1),
	(786, 7, 25000, '2021-12-05', '15:16:37', 'i.saku', '6', '2022-02-18 18:47:19', 1),
	(787, 6, 23000, '2021-12-01', '19:16:45', 'TUNAI', '6', '2022-02-18 18:47:19', 1),
	(788, 16, 15000, '2021-12-03', '19:55:07', 'OVO', '6', '2022-02-18 18:47:19', 1),
	(789, 8, 25000, '2021-12-03', '19:38:12', 'OVO', '6', '2022-02-18 18:47:19', 1),
	(790, 23, 20000, '2021-12-03', '18:07:23', 'TUNAI', '18', '2022-02-18 20:24:09', 1),
	(791, 13, 27000, '2021-12-12', '19:56:07', 'DANA', '18', '2022-02-18 20:24:09', 1),
	(792, 14, 30000, '2021-12-12', '15:05:30', 'DANA', '18', '2022-02-18 20:24:09', 1),
	(793, 11, 30000, '2021-12-02', '21:50:57', 'i.saku', '18', '2022-02-18 20:24:09', 1),
	(799, 18, 20500, '2021-12-05', '18:20:44', 'GO PAY', '18', '2022-02-18 20:24:09', 1),
	(800, 11, 30000, '2021-12-05', '16:10:28', 'GO PAY', '18', '2022-02-18 20:24:09', 1),
	(801, 6, 23000, '2021-12-06', '19:12:36', 'DANA', '16', '2022-02-17 21:11:10', 1),
	(802, 8, 25000, '2021-12-08', '20:35:39', 'OVO', '16', '2022-02-17 21:11:10', 1),
	(803, 7, 25000, '2021-12-10', '20:41:26', 'GO PAY', '16', '2022-02-17 21:11:10', 1),
	(804, 10, 23500, '2021-12-08', '16:54:20', 'OVO', '16', '2022-02-17 21:11:10', 1),
	(805, 19, 23000, '2021-12-01', '15:43:01', 'i.saku', '16', '2022-02-17 21:11:10', 1),
	(806, 3, 25500, '2021-12-08', '17:41:53', 'OVO', '16', '2022-02-17 21:11:10', 1),
	(807, 1, 17500, '2021-12-08', '16:39:46', 'OVO', '16', '2022-02-17 21:11:10', 1),
	(808, 21, 25000, '2021-12-05', '18:35:08', 'Shopee PAY', '8', '2022-02-17 21:16:24', 1),
	(814, 24, 20000, '2021-12-13', '20:07:47', 'DANA', '8', '2022-02-17 21:16:24', 1),
	(815, 12, 27000, '2021-12-04', '17:17:24', 'GO PAY', '8', '2022-02-17 21:16:24', 1),
	(816, 7, 25000, '2021-12-02', '20:49:59', 'GO PAY', '8', '2022-02-17 21:16:24', 1),
	(817, 18, 20500, '2021-12-12', '21:36:03', 'TUNAI', '8', '2022-02-17 21:16:24', 1),
	(818, 19, 23000, '2021-12-06', '15:49:14', 'i.saku', '8', '2022-02-17 21:16:24', 1),
	(819, 4, 30000, '2021-12-10', '19:49:30', 'OVO', '8', '2022-02-17 21:16:24', 1),
	(820, 10, 23500, '2021-12-12', '18:54:38', 'TUNAI', '8', '2022-02-17 21:16:24', 1),
	(821, 11, 30000, '2021-12-11', '21:41:09', 'Shopee PAY', '3', '2022-02-16 19:05:43', 1),
	(822, 23, 20000, '2021-12-12', '18:28:47', 'DANA', '3', '2022-02-16 19:05:43', 1),
	(823, 17, 20000, '2021-12-04', '20:00:34', 'DANA', '3', '2022-02-16 19:05:43', 1),
	(827, 11, 30000, '2022-02-01', '00:37:53', 'TUNAI', '3', '2022-02-16 19:05:43', 1),
	(828, 2, 20000, '2022-02-01', '00:37:53', 'TUNAI', '3', '2022-02-16 19:05:43', 1),
	(829, 3, 25500, '2022-02-09', '04:32:53', 'TUNAI', '3', '2022-02-16 19:05:43', 1),
	(830, 1, 17500, '2022-02-09', '04:37:13', 'LINK AJA', '18', '2022-02-17 18:21:41', 1),
	(831, 5, 28000, '2022-02-09', '04:37:13', 'LINK AJA', '18', '2022-02-17 18:21:41', 1),
	(832, 2, 20000, '2022-02-11', '11:38:43', 'LINK AJA', '18', '2022-02-17 18:21:41', 1),
	(833, 3, 25500, '2022-02-11', '11:38:43', 'LINK AJA', '18', '2022-02-17 18:21:41', 1),
	(834, 2, 20000, '2022-02-11', '11:48:05', 'LINK AJA', '18', '2022-02-17 18:21:41', 1),
	(835, 3, 25500, '2022-02-11', '11:48:05', 'LINK AJA', '18', '2022-02-17 18:21:41', 1),
	(836, 2, 20000, '2022-02-13', '03:26:40', 'LINK AJA', '18', '2022-02-17 18:21:41', 1),
	(837, 2, 20000, '2022-02-13', '03:29:25', 'LINK AJA', '18', '2022-02-17 18:21:41', 1),
	(838, 2, 20000, '2022-02-13', '03:30:16', 'LINK AJA', '18', '2022-02-17 18:21:41', 1),
	(839, 1, 17500, '2022-02-13', '03:31:10', 'GO PAY', '4', '2022-02-19 17:16:39', 1),
	(840, 2, 20000, '2022-02-13', '03:31:10', 'GO PAY', '4', '2022-02-19 17:16:39', 1),
	(841, 2, 20000, '2022-02-13', '03:41:10', 'GO PAY', '4', '2022-02-19 17:16:39', 1),
	(842, 3, 25500, '2022-02-13', '03:41:10', 'GO PAY', '4', '2022-02-19 17:16:39', 1),
	(843, 16, 15000, '2022-02-13', '03:41:10', 'GO PAY', '4', '2022-02-19 17:16:39', 1),
	(844, 2, 20000, '2022-02-13', '03:42:05', 'GO PAY', '4', '2022-02-19 17:16:39', 1),
	(845, 3, 25500, '2022-02-13', '03:42:05', 'GO PAY', '4', '2022-02-19 17:16:39', 1),
	(846, 16, 15000, '2022-02-13', '03:42:05', 'TUNAI', '10', '2022-02-16 19:58:28', 1),
	(847, 3, 25500, '2022-02-13', '03:42:33', 'TUNAI', '10', '2022-02-16 19:58:28', 1),
	(848, 4, 30000, '2022-02-13', '03:42:33', 'TUNAI', '10', '2022-02-16 19:58:28', 1),
	(849, 2, 20000, '2022-02-13', '03:42:33', 'TUNAI', '10', '2022-02-16 19:58:28', 1),
	(850, 2, 20000, '2022-02-19', '10:05:06', 'Shopee PAY', '10', '2022-02-16 19:58:28', 1),
	(851, 3, 25500, '2022-02-19', '10:05:06', 'Shopee PAY', '10', '2022-02-16 19:58:28', 1),
	(852, 3, 25500, '2022-02-19', '10:12:27', 'Shopee PAY', '10', '2022-02-16 19:58:28', 1),
	(853, 5, 28000, '2022-02-19', '10:12:41', 'TUNAI', '9', '2022-02-17 17:45:52', 1),
	(854, 10, 23500, '2022-02-19', '10:13:11', 'TUNAI', '9', '2022-02-17 17:45:52', 1),
	(855, 24, 20000, '2022-02-19', '10:13:11', 'TUNAI', '9', '2022-02-17 17:45:52', 1),
	(856, 3, 25500, '2022-02-19', '10:15:10', 'TUNAI', '9', '2022-02-17 17:45:52', 1),
	(857, 12, 27000, '2022-02-19', '10:15:10', 'TUNAI', '9', '2022-02-17 17:45:52', 1),
	(876, 2, 20000, '2022-02-21', '15:20:05', 'Shopee PAY', '2', '2022-02-21 15:19:21', 1),
	(877, 3, 25500, '2022-02-21', '15:20:05', 'Shopee PAY', '2', '2022-02-21 15:19:21', 1),
	(878, 4, 30000, '2022-02-21', '15:20:05', 'Shopee PAY', '2', '2022-02-21 15:19:21', 1),
	(879, 1, 17500, '2022-02-21', '15:20:33', 'TUNAI', '2', '2022-02-21 15:20:05', 1),
	(898, 2, 20000, '2022-02-23', '18:02:39', 'TUNAI', '1', '2022-02-23 18:02:28', 1),
	(899, 2, 20000, '2022-02-23', '18:08:16', 'Shopee PAY', '1', '2022-02-23 18:02:48', 1),
	(900, 2, 20000, '2022-02-23', '18:08:16', 'Shopee PAY', '1', '2022-02-23 18:02:48', 1),
	(901, 2, 20000, '2022-02-23', '18:08:16', 'Shopee PAY', '1', '2022-02-23 18:02:48', 1),
	(902, 4, 30000, '2022-02-23', '18:08:58', 'DANA', '1', '2022-02-23 18:08:16', 1),
	(903, 8, 25000, '2022-02-23', '18:08:58', 'DANA', '1', '2022-02-23 18:08:16', 1),
	(904, 28, 15000, '2022-02-23', '18:09:10', 'TUNAI', '1', '2022-02-23 18:08:58', 1),
	(905, 4, 30000, '2022-02-23', '18:09:10', 'TUNAI', '1', '2022-02-23 18:08:58', 1),
	(932, 1, 17500, '2022-02-26', '15:20:50', 'OVO', '1', '2022-02-26 07:17:24', 1),
	(933, 2, 20000, '2022-02-26', '15:20:50', 'OVO', '1', '2022-02-26 07:17:24', 1),
	(934, 4, 30000, '2022-02-26', '15:21:07', 'i.saku', '1', '2022-02-26 07:17:24', 1),
	(935, 4, 30000, '2022-02-26', '15:21:07', 'i.saku', '1', '2022-02-26 07:17:24', 1);
/*!40000 ALTER TABLE `table_transaksi` ENABLE KEYS */;

-- Dumping structure for table 21_saw_resto.table_user
CREATE TABLE IF NOT EXISTS `table_user` (
  `id` int(11) NOT NULL AUTO_INCREMENT,
  `nama_lengkap` varchar(250) NOT NULL,
  `username` varchar(250) NOT NULL,
  `password` varchar(250) NOT NULL,
  PRIMARY KEY (`id`)
) ENGINE=InnoDB AUTO_INCREMENT=2 DEFAULT CHARSET=latin1;

-- Dumping data for table 21_saw_resto.table_user: ~0 rows (approximately)
/*!40000 ALTER TABLE `table_user` DISABLE KEYS */;
INSERT INTO `table_user` (`id`, `nama_lengkap`, `username`, `password`) VALUES
	(1, 'Admin', 'admin', '202cb962ac59075b964b07152d234b70');
/*!40000 ALTER TABLE `table_user` ENABLE KEYS */;

/*!40101 SET SQL_MODE=IFNULL(@OLD_SQL_MODE, '') */;
/*!40014 SET FOREIGN_KEY_CHECKS=IF(@OLD_FOREIGN_KEY_CHECKS IS NULL, 1, @OLD_FOREIGN_KEY_CHECKS) */;
/*!40101 SET CHARACTER_SET_CLIENT=@OLD_CHARACTER_SET_CLIENT */;
